Source,Target
HH51,HH67
HH51,HH05
HH51,HH59
HH51,HH36
HH51,HH39
HH67,HH51
HH67,HH51
HH67,HH51
HH67,HH05
HH67,HH63
HH67,HH15
HH57,HH07
HH57,HH48
HH57,HH25
HH07,HH77
HH07,HH74
HH07,HH26
HH24,HH38
HH24,HH15
HH24,HH15
HH77,HH51
HH77,HH51
HH77,HH52
HH77,HH19
HH77,HH72
HH77,HH70
HH77,HH36
HH77,HH36
HH77,HH15
HH77,HH39
HH42,HH05
HH42,HH05
HH42,HH52
HH42,HH22
HH42,HH15
HH42,HH35
HH20,HH51
HH20,HH67
HH20,HH24
HH20,HH38
HH20,HH38
HH20,HH31
HH20,HH15
HH20,HH49
HH38,HH24
HH38,HH24
HH38,HH24
HH38,HH20
HH38,HH20
HH38,HH05
HH38,HH55
HH38,HH60
HH38,HH15
HH38,HH15
HH33,HH51
HH33,HH67
HH33,HH05
HH33,HH31
HH33,HH15
HH33,HH66
HH05,HH24
HH05,HH42
HH05,HH38
HH05,HH15
HH52,HH51
HH52,HH24
HH52,HH77
HH52,HH77
HH52,HH20
HH52,HH05
HH52,HH05
HH52,HH59
HH52,HH68
HH52,HH19
HH52,HH36
HH52,HH66
HH59,HH24
HH78,HH55
HH78,HH15
HH78,HH26
HH23,HH78
HH23,HH34
HH23,HH40
HH23,HH18
HH23,HH53
HH23,HH74
HH23,HH15
HH48,HH51
HH48,HH57
HH48,HH07
HH48,HH38
HH48,HH78
HH48,HH25
HH34,HH78
HH34,HH55
HH34,HH40
HH34,HH09
HH34,HH15
HH55,HH07
HH55,HH15
HH40,HH31
HH22,HH18
HH22,HH53
HH22,HH41
HH22,HH54
HH56,HH17
HH21,HH08
HH21,HH08
HH21,HH08
HH21,HH43
HH21,HH04
HH11,HH21
HH11,HH74
HH11,HH43
HH31,HH67
HH31,HH63
HH18,HH34
HH18,HH53
HH18,HH53
HH61,HH41
HH61,HH30
HH61,HH75
HH61,HH04
HH60,HH24
HH60,HH56
HH60,HH21
HH60,HH14
HH60,HH41
HH53,HH34
HH53,HH18
HH53,HH58
HH53,HH58
HH53,HH41
HH53,HH30
HH68,HH09
HH68,HH54
HH58,HH18
HH58,HH61
HH58,HH53
HH58,HH41
HH58,HH41
HH58,HH30
HH08,HH68
HH08,HH09
HH09,HH68
HH09,HH41
HH09,HH72
HH09,HH06
HH09,HH46
HH09,HH46
HH09,HH54
HH09,HH54
HH09,HH54
HH09,HH50
HH41,HH34
HH41,HH61
HH41,HH53
HH41,HH58
HH41,HH09
HH41,HH01
HH41,HH37
HH41,HH62
HH41,HH16
HH76,HH08
HH76,HH09
HH76,HH75
HH74,HH33
HH74,HH48
HH45,HH24
HH45,HH34
HH45,HH55
HH45,HH15
HH45,HH15
HH19,HH51
HH19,HH09
HH19,HH76
HH19,HH27
HH19,HH65
HH19,HH15
HH27,HH51
HH27,HH48
HH27,HH19
HH27,HH15
HH65,HH51
HH65,HH24
HH65,HH19
HH65,HH15
HH65,HH15
HH69,HH51
HH69,HH52
HH69,HH19
HH69,HH15
HH72,HH45
HH72,HH79
HH63,HH67
HH63,HH33
HH63,HH33
HH63,HH15
HH64,HH05
HH79,HH24
HH79,HH77
HH79,HH05
HH79,HH15
HH79,HH54
HH01,HH20
HH01,HH37
HH01,HH15
HH01,HH54
HH37,HH55
HH37,HH01
HH70,HH51
HH70,HH77
HH70,HH77
HH70,HH69
HH70,HH72
HH36,HH51
HH36,HH51
HH36,HH77
HH36,HH77
HH36,HH69
HH36,HH79
HH36,HH15
HH36,HH15
HH36,HH39
HH15,HH24
HH15,HH77
HH15,HH77
HH15,HH59
HH15,HH55
HH15,HH74
HH15,HH74
HH25,HH42
HH25,HH59
HH25,HH48
HH25,HH55
HH25,HH70
HH25,HH15
HH43,HH11
HH43,HH62
HH43,HH39
HH62,HH24
HH62,HH09
HH62,HH36
HH62,HH36
HH62,HH16
HH62,HH32
HH35,HH66
HH35,HH44
HH30,HH66
HH30,HH13
HH66,HH24
HH66,HH05
HH66,HH60
HH66,HH30
HH66,HH13
HH13,HH34
HH13,HH30
HH13,HH71
HH13,HH47
HH13,HH28
HH29,HH31
HH29,HH15
HH29,HH16
HH29,HH54
HH39,HH14
HH39,HH72
HH39,HH35
HH39,HH17
HH39,HH17
HH39,HH47
HH71,HH72
HH71,HH30
HH71,HH13
HH71,HH16
HH71,HH04
HH44,HH51
HH44,HH14
HH44,HH35
HH44,HH13
HH44,HH75
HH44,HH47
HH75,HH21
HH75,HH08
HH75,HH71
HH75,HH16
HH75,HH16
HH75,HH49
HH75,HH32
HH75,HH47
HH75,HH28
HH03,HH07
HH03,HH17
HH03,HH17
HH03,HH06
HH03,HH06
HH03,HH12
HH03,HH50
HH16,HH51
HH16,HH71
HH16,HH75
HH17,HH31
HH17,HH39
HH17,HH39
HH17,HH06
HH17,HH06
HH17,HH12
HH17,HH50
HH06,HH07
HH06,HH03
HH06,HH17
HH06,HH17
HH06,HH12
HH06,HH50
HH49,HH35
HH49,HH44
HH49,HH32
HH49,HH47
HH49,HH28
HH12,HH17
HH12,HH49
HH12,HH10
HH12,HH50
HH10,HH61
HH10,HH71
HH10,HH06
HH10,HH49
HH10,HH12
HH10,HH04
HH10,HH04
HH10,HH46
HH04,HH13
HH04,HH71
HH04,HH49
HH04,HH12
HH04,HH10
HH04,HH10
HH04,HH10
HH04,HH10
HH04,HH10
HH32,HH51
HH32,HH35
HH32,HH71
HH32,HH46
HH46,HH05
HH46,HH22
HH46,HH22
HH46,HH12
HH46,HH10
HH46,HH04
HH46,HH54
HH54,HH60
HH54,HH68
HH54,HH09
HH54,HH09
HH54,HH75
HH02,HH51
HH02,HH05
HH02,HH75
HH02,HH49
HH02,HH10
HH02,HH46
HH02,HH54
HH02,HH26
HH02,HH26
HH02,HH26
HH26,HH49
HH26,HH54
HH26,HH02
HH26,HH02
HH47,HH24
HH47,HH35
HH47,HH13
HH47,HH13
HH47,HH10
HH47,HH32
HH50,HH07
HH50,HH03
HH50,HH17
HH50,HH17
HH50,HH06
HH50,HH06
HH50,HH49
HH50,HH12
HH50,HH10
HH73,HH76
HH73,HH01
HH73,HH29
HH73,HH71
HH73,HH75
HH28,HH51
HH28,HH35
HH28,HH13
HH28,HH71
HH28,HH49
HH28,HH32
HH28,HH26
