Source,Target,cash,material,help
BDSU001,BDSU001,1,0,0
BDSU001,BDSU006,1,0,0
BDSU001,BDSU011,1,0,0
BDSU001,BDSU042,1,0,0
BDSU001,BDSU049,1,0,0
BDSU001,BDSU059,1,0,0
BDSU001,BDSU079,1,0,0
BDSU002,BDSU002,1,0,0
BDSU002,BDSU002,1,0,0
BDSU002,BDSU002,1,0,0
BDSU002,BDSU002,1,0,0
BDSU002,BDSU002,1,0,0
BDSU002,BDSU002,1,0,0
BDSU002,BDSU002,1,0,0
BDSU002,BDSU011,1,0,0
BDSU002,BDSU024,1,0,0
BDSU003,BDSU003,1,0,0
BDSU003,BDSU016,1,0,0
BDSU003,BDSU016,1,0,0
BDSU004,BDSU004,1,0,0
BDSU004,BDSU006,1,0,0
BDSU004,BDSU016,1,0,0
BDSU004,BDSU036,1,0,0
BDSU004,BDSU063,1,0,0
BDSU005,BDSU045,1,0,0
BDSU005,BDSU056,1,0,0
BDSU005,BDSU076,1,0,0
BDSU006,BDSU012,1,0,0
BDSU006,BDSU012,1,0,0
BDSU006,BDSU049,1,0,0
BDSU007,BDSU018,1,0,0
BDSU007,BDSU018,1,0,0
BDSU008,BDSU008,1,0,0
BDSU008,BDSU009,1,0,0
BDSU008,BDSU009,1,0,0
BDSU008,BDSU046,1,0,0
BDSU008,BDSU067,1,0,0
BDSU009,BDSU005,1,0,0
BDSU009,BDSU008,1,0,0
BDSU009,BDSU009,1,0,0
BDSU009,BDSU018,1,0,0
BDSU009,BDSU050,1,0,0
BDSU010,BDSU010,1,0,0
BDSU010,BDSU043,1,0,0
BDSU010,BDSU043,1,0,0
BDSU011,BDSU001,1,0,0
BDSU011,BDSU011,1,0,0
BDSU011,BDSU018,1,0,0
BDSU011,BDSU018,1,0,0
BDSU011,BDSU050,1,0,0
BDSU011,BDSU056,1,0,0
BDSU012,BDSU006,1,0,0
BDSU012,BDSU006,1,0,0
BDSU013,BDSU013,1,0,0
BDSU014,BDSU016,1,0,0
BDSU014,BDSU018,1,0,0
BDSU015,BDSU014,1,0,0
BDSU016,BDSU003,1,0,0
BDSU016,BDSU003,1,0,0
BDSU016,BDSU039,1,0,0
BDSU016,BDSU051,1,0,0
BDSU017,BDSU006,1,0,0
BDSU017,BDSU018,1,0,0
BDSU017,BDSU026,1,0,0
BDSU017,BDSU057,1,0,0
BDSU018,BDSU014,1,0,0
BDSU018,BDSU036,1,0,0
BDSU019,BDSU047,1,0,0
BDSU020,BDSU020,1,0,0
BDSU020,BDSU029,1,0,0
BDSU021,BDSU021,1,0,0
BDSU021,BDSU025,1,0,0
BDSU021,BDSU025,1,0,0
BDSU021,BDSU026,1,0,0
BDSU021,BDSU048,1,0,0
BDSU022,BDSU019,1,0,0
BDSU022,BDSU022,1,0,0
BDSU022,BDSU032,1,0,0
BDSU022,BDSU062,1,0,0
BDSU022,BDSU070,1,0,0
BDSU023,BDSU022,1,0,0
BDSU023,BDSU023,1,0,0
BDSU024,BDSU002,1,0,0
BDSU024,BDSU019,1,0,0
BDSU024,BDSU043,1,0,0
BDSU026,BDSU017,1,0,0
BDSU026,BDSU029,1,0,0
BDSU027,BDSU055,1,0,0
BDSU028,BDSU009,1,0,0
BDSU028,BDSU021,1,0,0
BDSU028,BDSU028,1,0,0
BDSU028,BDSU028,1,0,0
BDSU028,BDSU028,1,0,0
BDSU028,BDSU056,1,0,0
BDSU029,BDSU026,1,0,0
BDSU029,BDSU055,1,0,0
BDSU030,BDSU032,1,0,0
BDSU030,BDSU033,1,0,0
BDSU030,BDSU073,1,0,0
BDSU031,BDSU027,1,0,0
BDSU032,BDSU022,1,0,0
BDSU032,BDSU022,1,0,0
BDSU032,BDSU022,1,0,0
BDSU032,BDSU030,1,0,0
BDSU032,BDSU033,1,0,0
BDSU032,BDSU035,1,0,0
BDSU033,BDSU017,1,0,0
BDSU033,BDSU033,1,0,0
BDSU033,BDSU035,1,0,0
BDSU033,BDSU073,1,0,0
BDSU033,BDSU073,1,0,0
BDSU033,BDSU073,1,0,0
BDSU034,BDSU014,1,0,0
BDSU034,BDSU015,1,0,0
BDSU034,BDSU053,1,0,0
BDSU034,BDSU064,1,0,0
BDSU035,BDSU032,1,0,0
BDSU036,BDSU018,1,0,0
BDSU036,BDSU023,1,0,0
BDSU036,BDSU036,1,0,0
BDSU036,BDSU036,1,0,0
BDSU037,BDSU017,1,0,0
BDSU037,BDSU018,1,0,0
BDSU037,BDSU037,1,0,0
BDSU037,BDSU037,1,0,0
BDSU037,BDSU050,1,0,0
BDSU037,BDSU050,1,0,0
BDSU038,BDSU041,1,0,0
BDSU039,BDSU016,1,0,0
BDSU039,BDSU050,1,0,0
BDSU040,BDSU001,1,0,0
BDSU040,BDSU038,1,0,0
BDSU040,BDSU040,1,0,0
BDSU042,BDSU045,1,0,0
BDSU043,BDSU010,1,0,0
BDSU043,BDSU024,1,0,0
BDSU045,BDSU005,1,0,0
BDSU045,BDSU049,1,0,0
BDSU046,BDSU019,1,0,0
BDSU046,BDSU047,1,0,0
BDSU046,BDSU047,1,0,0
BDSU047,BDSU019,1,0,0
BDSU047,BDSU046,1,0,0
BDSU047,BDSU047,1,0,0
BDSU048,BDSU006,1,0,0
BDSU048,BDSU006,1,0,0
BDSU048,BDSU041,1,0,0
BDSU049,BDSU001,1,0,0
BDSU049,BDSU025,1,0,0
BDSU049,BDSU045,1,0,0
BDSU049,BDSU059,1,0,0
BDSU050,BDSU009,1,0,0
BDSU050,BDSU009,1,0,0
BDSU050,BDSU018,1,0,0
BDSU050,BDSU037,1,0,0
BDSU050,BDSU038,1,0,0
BDSU050,BDSU039,1,0,0
BDSU050,BDSU046,1,0,0
BDSU050,BDSU050,1,0,0
BDSU050,BDSU051,1,0,0
BDSU050,BDSU058,1,0,0
BDSU051,BDSU016,1,0,0
BDSU052,BDSU052,1,0,0
BDSU052,BDSU052,1,0,0
BDSU052,BDSU053,1,0,0
BDSU053,BDSU064,1,0,0
BDSU054,BDSU056,1,0,0
BDSU054,BDSU067,1,0,0
BDSU054,BDSU079,1,0,0
BDSU055,BDSU056,1,0,0
BDSU055,BDSU057,1,0,0
BDSU056,BDSU055,1,0,0
BDSU056,BDSU055,1,0,0
BDSU057,BDSU055,1,0,0
BDSU057,BDSU060,1,0,0
BDSU057,BDSU070,1,0,0
BDSU057,BDSU079,1,0,0
BDSU058,BDSU050,1,0,0
BDSU058,BDSU078,1,0,0
BDSU059,BDSU025,1,0,0
BDSU059,BDSU065,1,0,0
BDSU060,BDSU060,1,0,0
BDSU060,BDSU060,1,0,0
BDSU060,BDSU060,1,0,0
BDSU060,BDSU060,1,0,0
BDSU061,BDSU057,1,0,0
BDSU061,BDSU076,1,0,0
BDSU062,BDSU060,1,0,0
BDSU062,BDSU062,1,0,0
BDSU062,BDSU062,1,0,0
BDSU062,BDSU064,1,0,0
BDSU062,BDSU064,1,0,0
BDSU062,BDSU067,1,0,0
BDSU062,BDSU079,1,0,0
BDSU063,BDSU065,1,0,0
BDSU063,BDSU066,1,0,0
BDSU063,BDSU066,1,0,0
BDSU063,BDSU068,1,0,0
BDSU063,BDSU077,1,0,0
BDSU064,BDSU060,1,0,0
BDSU065,BDSU025,1,0,0
BDSU065,BDSU059,1,0,0
BDSU065,BDSU063,1,0,0
BDSU065,BDSU066,1,0,0
BDSU065,BDSU066,1,0,0
BDSU065,BDSU068,1,0,0
BDSU065,BDSU077,1,0,0
BDSU065,BDSU077,1,0,0
BDSU066,BDSU063,1,0,0
BDSU066,BDSU063,1,0,0
BDSU066,BDSU065,1,0,0
BDSU066,BDSU065,1,0,0
BDSU066,BDSU066,1,0,0
BDSU066,BDSU077,1,0,0
BDSU067,BDSU054,1,0,0
BDSU067,BDSU079,1,0,0
BDSU067,BDSU079,1,0,0
BDSU068,BDSU068,1,0,0
BDSU068,BDSU072,1,0,0
BDSU069,BDSU068,1,0,0
BDSU069,BDSU070,1,0,0
BDSU069,BDSU070,1,0,0
BDSU069,BDSU072,1,0,0
BDSU070,BDSU057,1,0,0
BDSU070,BDSU068,1,0,0
BDSU070,BDSU069,1,0,0
BDSU071,BDSU072,1,0,0
BDSU072,BDSU068,1,0,0
BDSU072,BDSU069,1,0,0
BDSU073,BDSU030,1,0,0
BDSU073,BDSU033,1,0,0
BDSU073,BDSU033,1,0,0
BDSU073,BDSU033,1,0,0
BDSU073,BDSU033,1,0,0
BDSU073,BDSU046,1,0,0
BDSU073,BDSU058,1,0,0
BDSU073,BDSU072,1,0,0
BDSU073,BDSU074,1,0,0
BDSU075,BDSU074,1,0,0
BDSU075,BDSU075,1,0,0
BDSU076,BDSU006,1,0,0
BDSU076,BDSU057,1,0,0
BDSU077,BDSU063,1,0,0
BDSU077,BDSU065,1,0,0
BDSU077,BDSU065,1,0,0
BDSU077,BDSU066,1,0,0
BDSU077,BDSU066,1,0,0
BDSU077,BDSU069,1,0,0
BDSU077,BDSU077,1,0,0
BDSU078,BDSU046,1,0,0
BDSU078,BDSU060,1,0,0
BDSU079,BDSU054,1,0,0
BDSU079,BDSU057,1,0,0
BDSU079,BDSU067,1,0,0
BDSU001,BDSU006,0,1,0
BDSU001,BDSU006,0,1,0
BDSU001,BDSU010,0,1,0
BDSU001,BDSU011,0,1,0
BDSU001,BDSU024,0,1,0
BDSU001,BDSU041,0,1,0
BDSU001,BDSU049,0,1,0
BDSU001,BDSU064,0,1,0
BDSU002,BDSU001,0,1,0
BDSU002,BDSU001,0,1,0
BDSU002,BDSU002,0,1,0
BDSU002,BDSU002,0,1,0
BDSU002,BDSU011,0,1,0
BDSU002,BDSU043,0,1,0
BDSU002,BDSU043,0,1,0
BDSU004,BDSU006,0,1,0
BDSU004,BDSU016,0,1,0
BDSU005,BDSU008,0,1,0
BDSU005,BDSU009,0,1,0
BDSU005,BDSU009,0,1,0
BDSU005,BDSU011,0,1,0
BDSU005,BDSU045,0,1,0
BDSU005,BDSU050,0,1,0
BDSU005,BDSU050,0,1,0
BDSU006,BDSU012,0,1,0
BDSU006,BDSU012,0,1,0
BDSU006,BDSU017,0,1,0
BDSU006,BDSU038,0,1,0
BDSU006,BDSU042,0,1,0
BDSU006,BDSU049,0,1,0
BDSU006,BDSU049,0,1,0
BDSU006,BDSU059,0,1,0
BDSU007,BDSU011,0,1,0
BDSU007,BDSU015,0,1,0
BDSU007,BDSU018,0,1,0
BDSU008,BDSU005,0,1,0
BDSU008,BDSU009,0,1,0
BDSU008,BDSU018,0,1,0
BDSU009,BDSU005,0,1,0
BDSU009,BDSU005,0,1,0
BDSU009,BDSU008,0,1,0
BDSU009,BDSU011,0,1,0
BDSU009,BDSU018,0,1,0
BDSU009,BDSU050,0,1,0
BDSU010,BDSU043,0,1,0
BDSU011,BDSU001,0,1,0
BDSU011,BDSU005,0,1,0
BDSU011,BDSU007,0,1,0
BDSU011,BDSU007,0,1,0
BDSU011,BDSU007,0,1,0
BDSU011,BDSU009,0,1,0
BDSU011,BDSU010,0,1,0
BDSU011,BDSU011,0,1,0
BDSU011,BDSU011,0,1,0
BDSU011,BDSU012,0,1,0
BDSU011,BDSU018,0,1,0
BDSU011,BDSU018,0,1,0
BDSU011,BDSU050,0,1,0
BDSU012,BDSU006,0,1,0
BDSU012,BDSU056,0,1,0
BDSU013,BDSU013,0,1,0
BDSU014,BDSU015,0,1,0
BDSU014,BDSU016,0,1,0
BDSU014,BDSU017,0,1,0
BDSU015,BDSU006,0,1,0
BDSU015,BDSU014,0,1,0
BDSU016,BDSU001,0,1,0
BDSU016,BDSU003,0,1,0
BDSU016,BDSU014,0,1,0
BDSU016,BDSU039,0,1,0
BDSU016,BDSU051,0,1,0
BDSU017,BDSU014,0,1,0
BDSU017,BDSU018,0,1,0
BDSU017,BDSU026,0,1,0
BDSU017,BDSU029,0,1,0
BDSU017,BDSU037,0,1,0
BDSU017,BDSU050,0,1,0
BDSU018,BDSU017,0,1,0
BDSU018,BDSU036,0,1,0
BDSU018,BDSU037,0,1,0
BDSU019,BDSU046,0,1,0
BDSU020,BDSU029,0,1,0
BDSU020,BDSU046,0,1,0
BDSU021,BDSU025,0,1,0
BDSU021,BDSU026,0,1,0
BDSU022,BDSU019,0,1,0
BDSU022,BDSU023,0,1,0
BDSU022,BDSU028,0,1,0
BDSU022,BDSU052,0,1,0
BDSU023,BDSU022,0,1,0
BDSU023,BDSU052,0,1,0
BDSU023,BDSU052,0,1,0
BDSU024,BDSU001,0,1,0
BDSU025,BDSU021,0,1,0
BDSU025,BDSU059,0,1,0
BDSU026,BDSU017,0,1,0
BDSU026,BDSU029,0,1,0
BDSU026,BDSU029,0,1,0
BDSU027,BDSU034,0,1,0
BDSU027,BDSU070,0,1,0
BDSU028,BDSU022,0,1,0
BDSU028,BDSU034,0,1,0
BDSU029,BDSU017,0,1,0
BDSU029,BDSU020,0,1,0
BDSU029,BDSU026,0,1,0
BDSU029,BDSU026,0,1,0
BDSU029,BDSU031,0,1,0
BDSU029,BDSU034,0,1,0
BDSU029,BDSU055,0,1,0
BDSU030,BDSU033,0,1,0
BDSU030,BDSU073,0,1,0
BDSU031,BDSU029,0,1,0
BDSU031,BDSU055,0,1,0
BDSU032,BDSU030,0,1,0
BDSU032,BDSU033,0,1,0
BDSU032,BDSU035,0,1,0
BDSU032,BDSU062,0,1,0
BDSU033,BDSU030,0,1,0
BDSU033,BDSU030,0,1,0
BDSU033,BDSU073,0,1,0
BDSU033,BDSU073,0,1,0
BDSU033,BDSU073,0,1,0
BDSU034,BDSU017,0,1,0
BDSU034,BDSU027,0,1,0
BDSU034,BDSU029,0,1,0
BDSU034,BDSU029,0,1,0
BDSU034,BDSU053,0,1,0
BDSU034,BDSU064,0,1,0
BDSU035,BDSU032,0,1,0
BDSU035,BDSU035,0,1,0
BDSU035,BDSU038,0,1,0
BDSU036,BDSU015,0,1,0
BDSU036,BDSU018,0,1,0
BDSU036,BDSU050,0,1,0
BDSU037,BDSU017,0,1,0
BDSU037,BDSU018,0,1,0
BDSU037,BDSU042,0,1,0
BDSU037,BDSU050,0,1,0
BDSU038,BDSU039,0,1,0
BDSU038,BDSU040,0,1,0
BDSU038,BDSU040,0,1,0
BDSU038,BDSU041,0,1,0
BDSU039,BDSU016,0,1,0
BDSU039,BDSU038,0,1,0
BDSU039,BDSU050,0,1,0
BDSU040,BDSU001,0,1,0
BDSU040,BDSU038,0,1,0
BDSU040,BDSU038,0,1,0
BDSU042,BDSU006,0,1,0
BDSU042,BDSU037,0,1,0
BDSU042,BDSU045,0,1,0
BDSU042,BDSU048,0,1,0
BDSU043,BDSU002,0,1,0
BDSU043,BDSU010,0,1,0
BDSU045,BDSU005,0,1,0
BDSU045,BDSU042,0,1,0
BDSU045,BDSU073,0,1,0
BDSU046,BDSU019,0,1,0
BDSU046,BDSU047,0,1,0
BDSU046,BDSU047,0,1,0
BDSU046,BDSU078,0,1,0
BDSU047,BDSU019,0,1,0
BDSU047,BDSU034,0,1,0
BDSU047,BDSU046,0,1,0
BDSU047,BDSU046,0,1,0
BDSU048,BDSU042,0,1,0
BDSU049,BDSU001,0,1,0
BDSU049,BDSU006,0,1,0
BDSU049,BDSU006,0,1,0
BDSU049,BDSU006,0,1,0
BDSU049,BDSU025,0,1,0
BDSU049,BDSU045,0,1,0
BDSU050,BDSU005,0,1,0
BDSU050,BDSU009,0,1,0
BDSU050,BDSU011,0,1,0
BDSU050,BDSU015,0,1,0
BDSU050,BDSU017,0,1,0
BDSU050,BDSU018,0,1,0
BDSU050,BDSU018,0,1,0
BDSU050,BDSU018,0,1,0
BDSU050,BDSU039,0,1,0
BDSU050,BDSU040,0,1,0
BDSU050,BDSU041,0,1,0
BDSU051,BDSU016,0,1,0
BDSU051,BDSU016,0,1,0
BDSU052,BDSU023,0,1,0
BDSU052,BDSU023,0,1,0
BDSU052,BDSU053,0,1,0
BDSU052,BDSU059,0,1,0
BDSU053,BDSU034,0,1,0
BDSU053,BDSU064,0,1,0
BDSU054,BDSU061,0,1,0
BDSU054,BDSU067,0,1,0
BDSU054,BDSU079,0,1,0
BDSU055,BDSU027,0,1,0
BDSU055,BDSU029,0,1,0
BDSU055,BDSU031,0,1,0
BDSU055,BDSU056,0,1,0
BDSU055,BDSU056,0,1,0
BDSU055,BDSU057,0,1,0
BDSU055,BDSU057,0,1,0
BDSU055,BDSU060,0,1,0
BDSU056,BDSU055,0,1,0
BDSU056,BDSU055,0,1,0
BDSU057,BDSU055,0,1,0
BDSU057,BDSU055,0,1,0
BDSU057,BDSU060,0,1,0
BDSU057,BDSU060,0,1,0
BDSU057,BDSU076,0,1,0
BDSU057,BDSU079,0,1,0
BDSU058,BDSU064,0,1,0
BDSU059,BDSU006,0,1,0
BDSU059,BDSU025,0,1,0
BDSU059,BDSU042,0,1,0
BDSU059,BDSU052,0,1,0
BDSU060,BDSU057,0,1,0
BDSU060,BDSU069,0,1,0
BDSU060,BDSU070,0,1,0
BDSU060,BDSU071,0,1,0
BDSU060,BDSU078,0,1,0
BDSU061,BDSU054,0,1,0
BDSU061,BDSU076,0,1,0
BDSU062,BDSU032,0,1,0
BDSU062,BDSU060,0,1,0
BDSU062,BDSU064,0,1,0
BDSU062,BDSU071,0,1,0
BDSU062,BDSU076,0,1,0
BDSU062,BDSU079,0,1,0
BDSU063,BDSU066,0,1,0
BDSU063,BDSU068,0,1,0
BDSU063,BDSU077,0,1,0
BDSU064,BDSU001,0,1,0
BDSU064,BDSU034,0,1,0
BDSU064,BDSU053,0,1,0
BDSU064,BDSU058,0,1,0
BDSU065,BDSU059,0,1,0
BDSU065,BDSU066,0,1,0
BDSU065,BDSU066,0,1,0
BDSU065,BDSU068,0,1,0
BDSU065,BDSU068,0,1,0
BDSU065,BDSU077,0,1,0
BDSU065,BDSU077,0,1,0
BDSU066,BDSU063,0,1,0
BDSU066,BDSU065,0,1,0
BDSU066,BDSU065,0,1,0
BDSU066,BDSU068,0,1,0
BDSU066,BDSU077,0,1,0
BDSU067,BDSU054,0,1,0
BDSU067,BDSU062,0,1,0
BDSU067,BDSU076,0,1,0
BDSU067,BDSU079,0,1,0
BDSU067,BDSU079,0,1,0
BDSU068,BDSU063,0,1,0
BDSU068,BDSU069,0,1,0
BDSU068,BDSU072,0,1,0
BDSU069,BDSU060,0,1,0
BDSU069,BDSU066,0,1,0
BDSU069,BDSU068,0,1,0
BDSU069,BDSU068,0,1,0
BDSU069,BDSU070,0,1,0
BDSU069,BDSU072,0,1,0
BDSU070,BDSU027,0,1,0
BDSU070,BDSU069,0,1,0
BDSU071,BDSU060,0,1,0
BDSU071,BDSU072,0,1,0
BDSU071,BDSU079,0,1,0
BDSU072,BDSU020,0,1,0
BDSU072,BDSU020,0,1,0
BDSU073,BDSU030,0,1,0
BDSU073,BDSU030,0,1,0
BDSU073,BDSU033,0,1,0
BDSU073,BDSU033,0,1,0
BDSU073,BDSU033,0,1,0
BDSU073,BDSU045,0,1,0
BDSU074,BDSU075,0,1,0
BDSU074,BDSU075,0,1,0
BDSU075,BDSU014,0,1,0
BDSU075,BDSU074,0,1,0
BDSU075,BDSU074,0,1,0
BDSU075,BDSU074,0,1,0
BDSU076,BDSU057,0,1,0
BDSU076,BDSU061,0,1,0
BDSU077,BDSU063,0,1,0
BDSU077,BDSU065,0,1,0
BDSU077,BDSU065,0,1,0
BDSU077,BDSU066,0,1,0
BDSU077,BDSU066,0,1,0
BDSU077,BDSU068,0,1,0
BDSU077,BDSU068,0,1,0
BDSU078,BDSU046,0,1,0
BDSU078,BDSU060,0,1,0
BDSU079,BDSU054,0,1,0
BDSU079,BDSU062,0,1,0
BDSU079,BDSU067,0,1,0
BDSU079,BDSU067,0,1,0
BDSU079,BDSU071,0,1,0
BDSU001,BDSU001,0,0,1
BDSU001,BDSU001,0,0,1
BDSU001,BDSU001,0,0,1
BDSU011,BDSU001,0,0,1
BDSU049,BDSU001,0,0,1
BDSU001,BDSU002,0,0,1
BDSU001,BDSU002,0,0,1
BDSU002,BDSU002,0,0,1
BDSU002,BDSU002,0,0,1
BDSU002,BDSU002,0,0,1
BDSU002,BDSU002,0,0,1
BDSU011,BDSU002,0,0,1
BDSU065,BDSU002,0,0,1
BDSU051,BDSU003,0,0,1
BDSU036,BDSU004,0,0,1
BDSU005,BDSU005,0,0,1
BDSU005,BDSU005,0,0,1
BDSU005,BDSU005,0,0,1
BDSU005,BDSU005,0,0,1
BDSU006,BDSU006,0,0,1
BDSU059,BDSU006,0,0,1
BDSU050,BDSU007,0,0,1
BDSU005,BDSU008,0,0,1
BDSU009,BDSU008,0,0,1
BDSU009,BDSU008,0,0,1
BDSU067,BDSU008,0,0,1
BDSU005,BDSU009,0,0,1
BDSU008,BDSU009,0,0,1
BDSU028,BDSU009,0,0,1
BDSU028,BDSU009,0,0,1
BDSU050,BDSU009,0,0,1
BDSU002,BDSU010,0,0,1
BDSU024,BDSU010,0,0,1
BDSU056,BDSU010,0,0,1
BDSU011,BDSU011,0,0,1
BDSU011,BDSU011,0,0,1
BDSU011,BDSU011,0,0,1
BDSU018,BDSU011,0,0,1
BDSU041,BDSU011,0,0,1
BDSU001,BDSU012,0,0,1
BDSU012,BDSU012,0,0,1
BDSU012,BDSU012,0,0,1
BDSU013,BDSU012,0,0,1
BDSU038,BDSU012,0,0,1
BDSU013,BDSU013,0,0,1
BDSU013,BDSU013,0,0,1
BDSU013,BDSU013,0,0,1
BDSU014,BDSU014,0,0,1
BDSU075,BDSU014,0,0,1
BDSU015,BDSU015,0,0,1
BDSU017,BDSU015,0,0,1
BDSU026,BDSU015,0,0,1
BDSU029,BDSU015,0,0,1
BDSU003,BDSU016,0,0,1
BDSU017,BDSU017,0,0,1
BDSU018,BDSU017,0,0,1
BDSU050,BDSU017,0,0,1
BDSU004,BDSU018,0,0,1
BDSU008,BDSU018,0,0,1
BDSU018,BDSU018,0,0,1
BDSU050,BDSU018,0,0,1
BDSU024,BDSU019,0,0,1
BDSU046,BDSU019,0,0,1
BDSU047,BDSU019,0,0,1
BDSU020,BDSU020,0,0,1
BDSU020,BDSU020,0,0,1
BDSU029,BDSU020,0,0,1
BDSU046,BDSU020,0,0,1
BDSU065,BDSU020,0,0,1
BDSU073,BDSU020,0,0,1
BDSU073,BDSU020,0,0,1
BDSU028,BDSU021,0,0,1
BDSU028,BDSU021,0,0,1
BDSU062,BDSU021,0,0,1
BDSU064,BDSU021,0,0,1
BDSU065,BDSU021,0,0,1
BDSU022,BDSU022,0,0,1
BDSU032,BDSU022,0,0,1
BDSU032,BDSU022,0,0,1
BDSU022,BDSU023,0,0,1
BDSU052,BDSU023,0,0,1
BDSU024,BDSU024,0,0,1
BDSU024,BDSU024,0,0,1
BDSU024,BDSU024,0,0,1
BDSU025,BDSU024,0,0,1
BDSU025,BDSU025,0,0,1
BDSU026,BDSU026,0,0,1
BDSU029,BDSU026,0,0,1
BDSU029,BDSU026,0,0,1
BDSU027,BDSU027,0,0,1
BDSU027,BDSU027,0,0,1
BDSU027,BDSU027,0,0,1
BDSU028,BDSU028,0,0,1
BDSU028,BDSU028,0,0,1
BDSU028,BDSU028,0,0,1
BDSU017,BDSU029,0,0,1
BDSU026,BDSU029,0,0,1
BDSU055,BDSU029,0,0,1
BDSU029,BDSU031,0,0,1
BDSU031,BDSU031,0,0,1
BDSU034,BDSU031,0,0,1
BDSU055,BDSU031,0,0,1
BDSU032,BDSU032,0,0,1
BDSU033,BDSU033,0,0,1
BDSU033,BDSU033,0,0,1
BDSU073,BDSU033,0,0,1
BDSU031,BDSU034,0,0,1
BDSU031,BDSU034,0,0,1
BDSU032,BDSU035,0,0,1
BDSU062,BDSU035,0,0,1
BDSU010,BDSU036,0,0,1
BDSU016,BDSU036,0,0,1
BDSU018,BDSU036,0,0,1
BDSU036,BDSU036,0,0,1
BDSU036,BDSU036,0,0,1
BDSU017,BDSU037,0,0,1
BDSU037,BDSU037,0,0,1
BDSU050,BDSU037,0,0,1
BDSU050,BDSU037,0,0,1
BDSU038,BDSU038,0,0,1
BDSU038,BDSU038,0,0,1
BDSU038,BDSU038,0,0,1
BDSU001,BDSU039,0,0,1
BDSU038,BDSU039,0,0,1
BDSU040,BDSU040,0,0,1
BDSU012,BDSU041,0,0,1
BDSU038,BDSU041,0,0,1
BDSU042,BDSU042,0,0,1
BDSU042,BDSU042,0,0,1
BDSU010,BDSU043,0,0,1
BDSU011,BDSU044,0,0,1
BDSU005,BDSU045,0,0,1
BDSU025,BDSU045,0,0,1
BDSU042,BDSU045,0,0,1
BDSU046,BDSU046,0,0,1
BDSU047,BDSU046,0,0,1
BDSU047,BDSU047,0,0,1
BDSU047,BDSU047,0,0,1
BDSU001,BDSU048,0,0,1
BDSU042,BDSU048,0,0,1
BDSU048,BDSU048,0,0,1
BDSU048,BDSU048,0,0,1
BDSU001,BDSU049,0,0,1
BDSU001,BDSU049,0,0,1
BDSU001,BDSU049,0,0,1
BDSU013,BDSU050,0,0,1
BDSU036,BDSU050,0,0,1
BDSU036,BDSU050,0,0,1
BDSU050,BDSU050,0,0,1
BDSU050,BDSU050,0,0,1
BDSU050,BDSU050,0,0,1
BDSU016,BDSU051,0,0,1
BDSU052,BDSU052,0,0,1
BDSU049,BDSU053,0,0,1
BDSU071,BDSU053,0,0,1
BDSU056,BDSU055,0,0,1
BDSU057,BDSU055,0,0,1
BDSU005,BDSU056,0,0,1
BDSU011,BDSU056,0,0,1
BDSU028,BDSU056,0,0,1
BDSU017,BDSU057,0,0,1
BDSU055,BDSU057,0,0,1
BDSU076,BDSU057,0,0,1
BDSU058,BDSU058,0,0,1
BDSU058,BDSU058,0,0,1
BDSU025,BDSU059,0,0,1
BDSU055,BDSU060,0,0,1
BDSU057,BDSU060,0,0,1
BDSU060,BDSU060,0,0,1
BDSU060,BDSU060,0,0,1
BDSU076,BDSU061,0,0,1
BDSU064,BDSU062,0,0,1
BDSU064,BDSU062,0,0,1
BDSU071,BDSU062,0,0,1
BDSU076,BDSU062,0,0,1
BDSU079,BDSU062,0,0,1
BDSU066,BDSU063,0,0,1
BDSU068,BDSU063,0,0,1
BDSU068,BDSU063,0,0,1
BDSU077,BDSU063,0,0,1
BDSU062,BDSU064,0,0,1
BDSU064,BDSU064,0,0,1
BDSU059,BDSU065,0,0,1
BDSU059,BDSU065,0,0,1
BDSU066,BDSU065,0,0,1
BDSU066,BDSU065,0,0,1
BDSU077,BDSU065,0,0,1
BDSU004,BDSU066,0,0,1
BDSU065,BDSU066,0,0,1
BDSU065,BDSU066,0,0,1
BDSU068,BDSU066,0,0,1
BDSU077,BDSU066,0,0,1
BDSU054,BDSU067,0,0,1
BDSU079,BDSU067,0,0,1
BDSU027,BDSU069,0,0,1
BDSU069,BDSU069,0,0,1
BDSU070,BDSU069,0,0,1
BDSU069,BDSU070,0,0,1
BDSU069,BDSU070,0,0,1
BDSU069,BDSU070,0,0,1
BDSU069,BDSU070,0,0,1
BDSU069,BDSU070,0,0,1
BDSU011,BDSU072,0,0,1
BDSU020,BDSU072,0,0,1
BDSU068,BDSU072,0,0,1
BDSU069,BDSU072,0,0,1
BDSU070,BDSU072,0,0,1
BDSU028,BDSU073,0,0,1
BDSU030,BDSU073,0,0,1
BDSU033,BDSU073,0,0,1
BDSU033,BDSU073,0,0,1
BDSU074,BDSU074,0,0,1
BDSU075,BDSU074,0,0,1
BDSU074,BDSU075,0,0,1
BDSU074,BDSU075,0,0,1
BDSU075,BDSU075,0,0,1
BDSU075,BDSU075,0,0,1
BDSU075,BDSU075,0,0,1
BDSU054,BDSU076,0,0,1
BDSU004,BDSU077,0,0,1
BDSU065,BDSU077,0,0,1
BDSU067,BDSU077,0,0,1
BDSU068,BDSU077,0,0,1
BDSU035,BDSU078,0,0,1
BDSU046,BDSU078,0,0,1
BDSU060,BDSU078,0,0,1
BDSU062,BDSU078,0,0,1
BDSU054,BDSU079,0,0,1
BDSU071,BDSU079,0,0,1
BDSU075,BDSU079,0,0,1
